epoch,time,train/box_loss,train/cls_loss,train/dfl_loss,metrics/precision(B),metrics/recall(B),metrics/mAP50(B),metrics/mAP50-95(B),val/box_loss,val/cls_loss,val/dfl_loss,lr/pg0,lr/pg1,lr/pg2
1,1598.5,3.03535,16.562,2.12365,0.58236,0.30613,0.44635,0.34884,2.42842,6.13495,1.86071,0.001,0.001,0.001
2,3202.96,1.88899,3.56576,1.70836,0.7365,0.4404,0.5977,0.48742,1.96479,4.22525,1.73181,0.00098017,0.00098017,0.00098017
3,4805.96,1.6703,2.82542,1.64898,0.82433,0.55275,0.69729,0.57519,1.79137,3.30961,1.67592,0.00096034,0.00096034,0.00096034
